{
    "name": "root",
    "gauges": {
        "MazeAgent.Policy.Entropy.mean": {
            "value": 1.7424101829528809,
            "min": 1.7424101829528809,
            "max": 1.7424101829528809,
            "count": 1
        },
        "MazeAgent.Policy.Entropy.sum": {
            "value": 111.51425170898438,
            "min": 111.51425170898438,
            "max": 111.51425170898438,
            "count": 1
        },
        "MazeAgent.IsTraining.mean": {
            "value": 1.0,
            "min": 1.0,
            "max": 1.0,
            "count": 1
        },
        "MazeAgent.IsTraining.sum": {
            "value": 1.0,
            "min": 1.0,
            "max": 1.0,
            "count": 1
        }
    },
    "metadata": {
        "timer_format_version": "0.1.0",
        "start_time_seconds": "1778706219",
        "python_version": "3.9.25 (main, Nov  3 2025, 22:44:01) [MSC v.1929 64 bit (AMD64)]",
        "command_line_arguments": "C:\\Users\\denni\\anaconda3\\envs\\rl_project\\Scripts\\mlagents-learn training/configs/ppo_env1_config.yaml --run-id=PPO_Env1_Seed27 --resume --results-dir=training/logs/final",
        "mlagents_version": "0.30.0",
        "mlagents_envs_version": "0.30.0",
        "communication_protocol_version": "1.5.0",
        "pytorch_version": "2.8.0+cpu",
        "numpy_version": "1.23.5",
        "end_time_seconds": "1778706229"
    },
    "total": 9.3753797,
    "count": 1,
    "self": 0.004470299999999483,
    "children": {
        "run_training.setup": {
            "total": 0.0719015999999999,
            "count": 1,
            "self": 0.0719015999999999
        },
        "TrainerController.start_learning": {
            "total": 9.2990078,
            "count": 1,
            "self": 0.0006497999999961479,
            "children": {
                "TrainerController._reset_env": {
                    "total": 8.725084500000001,
                    "count": 1,
                    "self": 8.725084500000001
                },
                "TrainerController.advance": {
                    "total": 0.5386228000000042,
                    "count": 64,
                    "self": 0.0004916999999977634,
                    "children": {
                        "env_step": {
                            "total": 0.49532870000000706,
                            "count": 64,
                            "self": 0.4578395000000093,
                            "children": {
                                "SubprocessEnvManager._take_step": {
                                    "total": 0.03714410000000434,
                                    "count": 64,
                                    "self": 0.0014833000000020746,
                                    "children": {
                                        "TorchPolicy.evaluate": {
                                            "total": 0.03566080000000227,
                                            "count": 64,
                                            "self": 0.03566080000000227
                                        }
                                    }
                                },
                                "workers": {
                                    "total": 0.00034509999999343677,
                                    "count": 64,
                                    "self": 0.0,
                                    "children": {
                                        "worker_root": {
                                            "total": 1.164636299999998,
                                            "count": 64,
                                            "is_parallel": true,
                                            "self": 0.7347208000000016,
                                            "children": {
                                                "steps_from_proto": {
                                                    "total": 0.00019939999999962765,
                                                    "count": 1,
                                                    "is_parallel": true,
                                                    "self": 8.749999999935199e-05,
                                                    "children": {
                                                        "_process_rank_one_or_two_observation": {
                                                            "total": 0.00011190000000027567,
                                                            "count": 4,
                                                            "is_parallel": true,
                                                            "self": 0.00011190000000027567
                                                        }
                                                    }
                                                },
                                                "UnityEnvironment.step": {
                                                    "total": 0.4297160999999967,
                                                    "count": 64,
                                                    "is_parallel": true,
                                                    "self": 0.0022324000000075728,
                                                    "children": {
                                                        "UnityEnvironment._generate_step_input": {
                                                            "total": 0.001930400000000887,
                                                            "count": 64,
                                                            "is_parallel": true,
                                                            "self": 0.001930400000000887
                                                        },
                                                        "communicator.exchange": {
                                                            "total": 0.4179049999999922,
                                                            "count": 64,
                                                            "is_parallel": true,
                                                            "self": 0.4179049999999922
                                                        },
                                                        "steps_from_proto": {
                                                            "total": 0.0076482999999960555,
                                                            "count": 64,
                                                            "is_parallel": true,
                                                            "self": 0.004017799999994409,
                                                            "children": {
                                                                "_process_rank_one_or_two_observation": {
                                                                    "total": 0.0036305000000016463,
                                                                    "count": 256,
                                                                    "is_parallel": true,
                                                                    "self": 0.0036305000000016463
                                                                }
                                                            }
                                                        }
                                                    }
                                                }
                                            }
                                        }
                                    }
                                }
                            }
                        },
                        "trainer_advance": {
                            "total": 0.04280239999999935,
                            "count": 64,
                            "self": 0.0005040000000082756,