{
    "learning_rate": 1.1973220476107518e-05,
    "n_steps": 5,
    "gamma": 0.995,
    "ent_coef": 0.002597549498493029,
    "vf_coef": 0.75,
    "max_grad_norm": 0.5
}