{
    "name": "root",
    "gauges": {
        "MazeAgent.Policy.Entropy.mean": {
            "value": 1.3804864883422852,
            "min": 1.3804864883422852,
            "max": 1.3804864883422852,
            "count": 1
        },
        "MazeAgent.Policy.Entropy.sum": {
            "value": 88.35113525390625,
            "min": 88.35113525390625,
            "max": 88.35113525390625,
            "count": 1
        },
        "MazeAgent.IsTraining.mean": {
            "value": 1.0,
            "min": 1.0,
            "max": 1.0,
            "count": 1
        },
        "MazeAgent.IsTraining.sum": {
            "value": 1.0,
            "min": 1.0,
            "max": 1.0,
            "count": 1
        }
    },
    "metadata": {
        "timer_format_version": "0.1.0",
        "start_time_seconds": "1778706294",
        "python_version": "3.9.25 (main, Nov  3 2025, 22:44:01) [MSC v.1929 64 bit (AMD64)]",
        "command_line_arguments": "C:\\Users\\denni\\anaconda3\\envs\\rl_project\\Scripts\\mlagents-learn training/configs/ppo_env1_config.yaml --run-id=PPO_Env1_Seed72 --resume --results-dir=training/logs/final",
        "mlagents_version": "0.30.0",
        "mlagents_envs_version": "0.30.0",
        "communication_protocol_version": "1.5.0",
        "pytorch_version": "2.8.0+cpu",
        "numpy_version": "1.23.5",
        "end_time_seconds": "1778706300"
    },
    "total": 6.3263123,
    "count": 1,
    "self": 0.0034333999999995868,
    "children": {
        "run_training.setup": {
            "total": 0.07152550000000013,
            "count": 1,
            "self": 0.07152550000000013
        },
        "TrainerController.start_learning": {
            "total": 6.2513534,
            "count": 1,
            "self": 0.0006009999999978533,
            "children": {
                "TrainerController._reset_env": {
                    "total": 5.6898235999999995,
                    "count": 1,
                    "self": 5.6898235999999995
                },
                "TrainerController.advance": {
                    "total": 0.5220262000000035,
                    "count": 64,
                    "self": 0.00045629999999885484,
                    "children": {
                        "env_step": {
                            "total": 0.47907260000000207,
                            "count": 64,
                            "self": 0.4428353999999972,
                            "children": {
                                "SubprocessEnvManager._take_step": {
                                    "total": 0.03591500000000636,
                                    "count": 64,
                                    "self": 0.0013993000000063205,
                                    "children": {
                                        "TorchPolicy.evaluate": {
                                            "total": 0.03451570000000004,
                                            "count": 64,
                                            "self": 0.03451570000000004
                                        }
                                    }
                                },
                                "workers": {
                                    "total": 0.0003221999999984959,
                                    "count": 64,
                                    "self": 0.0,
                                    "children": {
                                        "worker_root": {
                                            "total": 1.1519789999999999,
                                            "count": 64,
                                            "is_parallel": true,
                                            "self": 0.7362561999999953,
                                            "children": {
                                                "steps_from_proto": {
                                                    "total": 0.00019820000000070337,
                                                    "count": 1,
                                                    "is_parallel": true,
                                                    "self": 8.460000000010126e-05,
                                                    "children": {
                                                        "_process_rank_one_or_two_observation": {
                                                            "total": 0.00011360000000060211,
                                                            "count": 4,
                                                            "is_parallel": true,
                                                            "self": 0.00011360000000060211
                                                        }
                                                    }
                                                },
                                                "UnityEnvironment.step": {
                                                    "total": 0.4155246000000039,
                                                    "count": 64,
                                                    "is_parallel": true,
                                                    "self": 0.0022660999999954967,
                                                    "children": {
                                                        "UnityEnvironment._generate_step_input": {
                                                            "total": 0.001933100000005794,
                                                            "count": 64,
                                                            "is_parallel": true,
                                                            "self": 0.001933100000005794
                                                        },
                                                        "communicator.exchange": {
                                                            "total": 0.4034739000000007,
                                                            "count": 64,
                                                            "is_parallel": true,
                                                            "self": 0.4034739000000007
                                                        },
                                                        "steps_from_proto": {
                                                            "total": 0.007851500000001899,
                                                            "count": 64,
                                                            "is_parallel": true,
                                                            "self": 0.0042311999999995464,
                                                            "children": {
                                                                "_process_rank_one_or_two_observation": {
                                                                    "total": 0.003620300000002352,
                                                                    "count": 256,
                                                                    "is_parallel": true,
                                                                    "self": 0.003620300000002352
                                                                }
                                                            }
                                                        }
                                                    }
                                                }
                                            }
                                        }
                                    }
                                }
                            }
                        },
                        "trainer_advance": {
                            "total": 0.042497300000002625,
                            "count": 64,
                            "self": 0.00046140000000960413,