{
    "name": "root",
    "gauges": {
        "MazeAgent.Policy.Entropy.mean": {
            "value": 1.8890964984893799,
            "min": 1.5830097198486328,
            "max": 2.192946195602417,
            "count": 50
        },
        "MazeAgent.Policy.Entropy.sum": {
            "value": 18890.96484375,
            "min": 15830.09765625,
            "max": 22019.373046875,
            "count": 50
        },
        "MazeAgent.Step.mean": {
            "value": 499955.0,
            "min": 9977.0,
            "max": 499955.0,
            "count": 50
        },
        "MazeAgent.Step.sum": {
            "value": 499955.0,
            "min": 9977.0,
            "max": 499955.0,
            "count": 50
        },
        "MazeAgent.Policy.ExtrinsicValueEstimate.mean": {
            "value": -0.144928976893425,
            "min": -0.7211635708808899,
            "max": -0.00019660931138787419,
            "count": 50
        },
        "MazeAgent.Policy.ExtrinsicValueEstimate.sum": {
            "value": -22.898778915405273,
            "min": -113.94384765625,
            "max": -0.031064271926879883,
            "count": 50
        },
        "MazeAgent.Environment.EpisodeLength.mean": {
            "value": 4999.0,
            "min": 945.5,
            "max": 4999.0,
            "count": 50
        },
        "MazeAgent.Environment.EpisodeLength.sum": {
            "value": 9998.0,
            "min": 5810.0,
            "max": 14052.0,
            "count": 50
        },
        "MazeAgent.Environment.CumulativeReward.mean": {
            "value": -2.5000001187436283,
            "min": -5.4732502527534965,
            "max": -2.5000001187436283,
            "count": 50
        },
        "MazeAgent.Environment.CumulativeReward.sum": {
            "value": -5.0000002374872565,
            "min": -54.73250252753496,
            "max": -5.0000002374872565,
            "count": 50
        },
        "MazeAgent.Policy.ExtrinsicReward.mean": {
            "value": -2.5000001187436283,
            "min": -5.4732502527534965,
            "max": -2.5000001187436283,
            "count": 50
        },
        "MazeAgent.Policy.ExtrinsicReward.sum": {
            "value": -5.0000002374872565,
            "min": -54.73250252753496,
            "max": -5.0000002374872565,
            "count": 50
        },
        "MazeAgent.Losses.PolicyLoss.mean": {
            "value": 0.06818643261600907,
            "min": 0.06411096066391717,
            "max": 0.07727959165640641,
            "count": 50
        },
        "MazeAgent.Losses.PolicyLoss.sum": {
            "value": 0.34093216308004537,
            "min": 0.2570520532657004,
            "max": 0.38030868304970983,
            "count": 50
        },
        "MazeAgent.Losses.ValueLoss.mean": {
            "value": 8.649981276676046e-05,
            "min": 8.649981276676046e-05,
            "max": 0.15983882740450403,
            "count": 50
        },
        "MazeAgent.Losses.ValueLoss.sum": {
            "value": 0.00043249906383380227,
            "min": 0.00043249906383380227,
            "max": 0.6393553096180161,
            "count": 50
        },
        "MazeAgent.Policy.LearningRate.mean": {
            "value": 2.8600590466799924e-06,
            "min": 2.8600590466799924e-06,
            "max": 0.00029687520104159997,
            "count": 50
        },
        "MazeAgent.Policy.LearningRate.sum": {
            "value": 1.4300295233399961e-05,
            "min": 1.4300295233399961e-05,
            "max": 0.0014561538146153998,
            "count": 50
        },
        "MazeAgent.Policy.Epsilon.mean": {
            "value": 0.10095331999999999,
            "min": 0.10095331999999999,
            "max": 0.19895840000000004,
            "count": 50
        },
        "MazeAgent.Policy.Epsilon.sum": {
            "value": 0.5047666,
            "min": 0.42803920000000006,
            "max": 0.9853846000000002,
            "count": 50
        },
        "MazeAgent.Policy.Beta.mean": {
            "value": 5.757066799999987e-05,
            "min": 5.757066799999987e-05,
            "max": 0.004948024160000001,
            "count": 50
        },
        "MazeAgent.Policy.Beta.sum": {
            "value": 0.00028785333999999937,
            "min": 0.00028785333999999937,
            "max": 0.02427069154,
            "count": 50
        },
        "MazeAgent.IsTraining.mean": {
            "value": 1.0,
            "min": 1.0,
            "max": 1.0,
            "count": 50
        },
        "MazeAgent.IsTraining.sum": {
            "value": 1.0,
            "min": 1.0,
            "max": 1.0,
            "count": 50
        }
    },
    "metadata": {
        "timer_format_version": "0.1.0",
        "start_time_seconds": "1778402051",
        "python_version": "3.9.25 (main, Nov  3 2025, 22:44:01) [MSC v.1929 64 bit (AMD64)]",
        "command_line_arguments": "C:\\Users\\denni\\anaconda3\\envs\\rl_project\\Scripts\\mlagents-learn training/configs/ppo_env1_config.yaml --run-id=PPO_Env1_Seed42 --seed=42 --results-dir=training/logs/final",
        "mlagents_version": "0.30.0",
        "mlagents_envs_version": "0.30.0",
        "communication_protocol_version": "1.5.0",
        "pytorch_version": "2.8.0+cpu",
        "numpy_version": "1.23.5",
        "end_time_seconds": "1778403010"
    },
    "total": 958.6370002,
    "count": 1,
    "self": 0.003639000000021042,
    "children": {
        "run_training.setup": {
            "total": 0.07366040000000007,
            "count": 1,
            "self": 0.07366040000000007
        },
        "TrainerController.start_learning": {
            "total": 958.5597008,
            "count": 1,
            "self": 3.461123999998563,
            "children": {
                "TrainerController._reset_env": {
                    "total": 6.7314077999999995,
                    "count": 1,
                    "self": 6.7314077999999995
                },
                "TrainerController.advance": {
                    "total": 948.3478455000014,
                    "count": 500019,
                    "self": 3.0794658999956255,
                    "children": {
                        "env_step": {
                            "total": 865.8537400999995,
                            "count": 500019,
                            "self": 637.4026206000183,
                            "children": {
                                "SubprocessEnvManager._take_step": {
                                    "total": 226.0827737999877,
                                    "count": 500019,
                                    "self": 9.602269699940393,
                                    "children": {
                                        "TorchPolicy.evaluate": {
                                            "total": 216.4805041000473,
                                            "count": 500019,
                                            "self": 216.4805041000473
                                        }
                                    }
                                },
                                "workers": {
                                    "total": 2.3683456999935153,
                                    "count": 500019,
                                    "self": 0.0,
                                    "children": {
                                        "worker_root": {
                                            "total": 946.6513040999861,
                                            "count": 500019,
                                            "is_parallel": true,
                                            "self": 482.85596660003125,
                                            "children": {
                                                "steps_from_proto": {
                                                    "total": 0.0001977000000001894,
                                                    "count": 1,