{
    "name": "root",
    "gauges": {
        "MazeAgent.Policy.Entropy.mean": {
            "value": 1.5288151502609253,
            "min": 1.5288151502609253,
            "max": 1.5288151502609253,
            "count": 1
        },
        "MazeAgent.Policy.Entropy.sum": {
            "value": 97.84416961669922,
            "min": 97.84416961669922,
            "max": 97.84416961669922,
            "count": 1
        },
        "MazeAgent.IsTraining.mean": {
            "value": 1.0,
            "min": 1.0,
            "max": 1.0,
            "count": 1
        },
        "MazeAgent.IsTraining.sum": {
            "value": 1.0,
            "min": 1.0,
            "max": 1.0,
            "count": 1
        }
    },
    "metadata": {
        "timer_format_version": "0.1.0",
        "start_time_seconds": "1778706108",
        "python_version": "3.9.25 (main, Nov  3 2025, 22:44:01) [MSC v.1929 64 bit (AMD64)]",
        "command_line_arguments": "C:\\Users\\denni\\anaconda3\\envs\\rl_project\\Scripts\\mlagents-learn training/configs/ppo_env1_config.yaml --run-id=PPO_Env1_Seed1 --resume --results-dir=training/logs/final",
        "mlagents_version": "0.30.0",
        "mlagents_envs_version": "0.30.0",
        "communication_protocol_version": "1.5.0",
        "pytorch_version": "2.8.0+cpu",
        "numpy_version": "1.23.5",
        "end_time_seconds": "1778706116"
    },
    "total": 7.938674899999999,
    "count": 1,
    "self": 0.0034218999999984234,
    "children": {
        "run_training.setup": {
            "total": 0.07052369999999986,
            "count": 1,
            "self": 0.07052369999999986
        },
        "TrainerController.start_learning": {
            "total": 7.8647293000000005,
            "count": 1,
            "self": 0.000584600000004265,
            "children": {
                "TrainerController._reset_env": {
                    "total": 7.2852302,
                    "count": 1,
                    "self": 7.2852302
                },
                "TrainerController.advance": {
                    "total": 0.5416558999999967,
                    "count": 64,
                    "self": 0.0004551999999957701,
                    "children": {
                        "env_step": {
                            "total": 0.4703198000000022,
                            "count": 64,
                            "self": 0.43099930000000164,
                            "children": {
                                "SubprocessEnvManager._take_step": {
                                    "total": 0.039025099999994595,
                                    "count": 64,
                                    "self": 0.0012794000000013739,
                                    "children": {
                                        "TorchPolicy.evaluate": {
                                            "total": 0.03774569999999322,
                                            "count": 64,
                                            "self": 0.03774569999999322
                                        }
                                    }
                                },
                                "workers": {
                                    "total": 0.0002954000000059409,
                                    "count": 64,
                                    "self": 0.0,
                                    "children": {
                                        "worker_root": {
                                            "total": 1.1801501000000005,
                                            "count": 64,
                                            "is_parallel": true,
                                            "self": 0.7724734000000035,
                                            "children": {
                                                "steps_from_proto": {
                                                    "total": 0.00040999999999957737,
                                                    "count": 1,
                                                    "is_parallel": true,
                                                    "self": 0.0001944999999992092,
                                                    "children": {
                                                        "_process_rank_one_or_two_observation": {
                                                            "total": 0.00021550000000036817,
                                                            "count": 4,
                                                            "is_parallel": true,
                                                            "self": 0.00021550000000036817
                                                        }
                                                    }
                                                },
                                                "UnityEnvironment.step": {
                                                    "total": 0.40726669999999743,
                                                    "count": 64,
                                                    "is_parallel": true,
                                                    "self": 0.0020464999999960654,
                                                    "children": {
                                                        "UnityEnvironment._generate_step_input": {
                                                            "total": 0.0017068000000000083,
                                                            "count": 64,
                                                            "is_parallel": true,
                                                            "self": 0.0017068000000000083
                                                        },
                                                        "communicator.exchange": {
                                                            "total": 0.396819100000001,
                                                            "count": 64,
                                                            "is_parallel": true,
                                                            "self": 0.396819100000001
                                                        },
                                                        "steps_from_proto": {
                                                            "total": 0.006694300000000375,
                                                            "count": 64,
                                                            "is_parallel": true,
                                                            "self": 0.0035265999999998243,
                                                            "children": {
                                                                "_process_rank_one_or_two_observation": {
                                                                    "total": 0.0031677000000005506,
                                                                    "count": 256,
                                                                    "is_parallel": true,
                                                                    "self": 0.0031677000000005506
                                                                }
                                                            }
                                                        }
                                                    }
                                                }
                                            }
                                        }
                                    }
                                }
                            }
                        },
                        "trainer_advance": {
                            "total": 0.0708808999999988,
                            "count": 64,
                            "self": 0.00045769999999656363,